,Joint_0_x,Joint_0_y,Joint_0_z,Joint_1_x,Joint_1_y,Joint_1_z,Joint_2_x,Joint_2_y,Joint_2_z,Joint_3_x,Joint_3_y,Joint_3_z,Joint_4_x,Joint_4_y,Joint_4_z,Joint_5_x,Joint_5_y,Joint_5_z,Joint_6_x,Joint_6_y,Joint_6_z,Joint_7_x,Joint_7_y,Joint_7_z,Joint_8_x,Joint_8_y,Joint_8_z,Joint_9_x,Joint_9_y,Joint_9_z,Joint_10_x,Joint_10_y,Joint_10_z,Joint_11_x,Joint_11_y,Joint_11_z,Joint_12_x,Joint_12_y,Joint_12_z,Joint_13_x,Joint_13_y,Joint_13_z,Joint_14_x,Joint_14_y,Joint_14_z,Joint_15_x,Joint_15_y,Joint_15_z,Joint_16_x,Joint_16_y,Joint_16_z,Joint_17_x,Joint_17_y,Joint_17_z,Joint_18_x,Joint_18_y,Joint_18_z,Joint_19_x,Joint_19_y,Joint_19_z,Joint_20_x,Joint_20_y,Joint_20_z
0,366.04358673095703,157.44808673858643,0.00035977067454950884,369.322509765625,170.13270378112793,-58.37395668029785,349.1082000732422,183.29222202301025,-82.80703544616699,324.15504455566406,193.18621158599854,-94.66104507446289,297.5057029724121,209.04483318328857,-105.73641777038574,305.0653266906738,186.20977878570557,-71.71707153320312,272.1849250793457,210.914568901062,-92.00891494750977,246.75804138183594,230.24630069732666,-106.76253318786621,224.81319427490234,246.34949684143066,-116.75679206848145,299.0142059326172,190.6025791168213,-46.807003021240234,265.9836769104004,214.66032028198242,-67.16986656188965,238.35132598876953,234.43768501281738,-82.94504165649414,216.18179321289062,249.6675682067871,-94.49014663696289,297.5593948364258,195.0691795349121,-24.566400051116943,268.41882705688477,215.38960933685303,-42.39508628845215,246.5984344482422,231.91869735717773,-58.329033851623535,228.2657241821289,244.11117553710938,-69.25148010253906,297.9281997680664,199.8378324508667,-6.216057538986206,276.9689178466797,215.50596714019775,-22.757413387298584,261.0737991333008,226.21593475341797,-36.643807888031006,246.1853790283203,234.36607360839844,-46.588730812072754
1,368.48777770996094,128.60987663269043,0.0002432883411529474,374.63748931884766,149.02140140533447,-43.196330070495605,366.7296600341797,182.82716274261475,-55.31289577484131,358.29349517822266,213.7563943862915,-58.58390808105469,351.1228942871094,244.03298377990723,-59.49734687805176,334.5063018798828,211.9742774963379,-27.7240252494812,333.2829284667969,258.4851551055908,-34.82414722442627,332.4304962158203,289.94911193847656,-42.96663761138916,330.9267044067383,316.47789001464844,-49.18684005737305,336.5659713745117,215.17905235290527,-7.836095094680786,334.2381286621094,258.8775157928467,-14.690951108932495,331.9414520263672,291.91752433776855,-24.44772720336914,329.35386657714844,318.2464027404785,-31.78579092025757,343.18172454833984,216.01748943328857,8.236732482910156,339.83253479003906,255.30627250671387,0.7018578052520752,339.1861343383789,281.81785583496094,-9.03322696685791,337.0050811767578,304.5812129974365,-15.394285917282104,350.79185485839844,216.5591812133789,20.65592050552368,348.02032470703125,247.4428939819336,13.423506021499634,348.5696029663086,266.8322467803955,6.446341872215271,347.60868072509766,283.465518951416,1.6652975976467133
2,370.5810546875,152.1556520462036,0.00040243099647341296,375.0626754760742,161.006498336792,-60.961055755615234,354.0849304199219,174.13597583770752,-85.64628601074219,329.35333251953125,186.41591548919678,-97.51462936401367,302.7276420593262,202.96520233154297,-108.50526809692383,308.2352066040039,180.55987358093262,-69.74919319152832,274.4950485229492,208.29033851623535,-87.91594505310059,249.66596603393555,227.65179634094238,-101.82425498962402,228.1222152709961,243.76842498779297,-111.4680290222168,304.30463790893555,187.5137186050415,-43.13878059387207,270.1415252685547,213.54865550994873,-60.86504936218262,242.74829864501953,233.68253231048584,-76.91086292266846,220.71125030517578,248.8329792022705,-88.99547576904297,304.80125427246094,194.26889419555664,-19.408345222473145,275.4076385498047,215.71778297424316,-34.453818798065186,252.81536102294922,232.5787353515625,-50.947980880737305,234.0179443359375,245.18783569335938,-62.815446853637695,306.6012763977051,201.0871410369873,0.11264120228588581,285.666446685791,217.40469932556152,-13.429968357086182,269.97798919677734,228.79488945007324,-26.61217451095581,256.1947822570801,238.55707168579102,-36.70198440551758
3,360.4579162597656,133.99643898010254,0.0005045681973570026,351.7354965209961,118.7739086151123,-54.48738098144531,323.52237701416016,99.28190231323242,-73.23172092437744,296.29323959350586,83.50162982940674,-81.31752014160156,265.1687240600586,69.51250791549683,-88.52845191955566,286.79121017456055,80.50778388977051,-40.39821147918701,247.77393341064453,59.90021824836731,-46.248812675476074,220.90608596801758,44.480838775634766,-53.88314723968506,200.2869415283203,32.46087312698364,-59.73118305206299,281.55508041381836,89.85406637191772,-14.577711820602417,241.25732421875,66.56950950622559,-15.591552257537842,215.3369903564453,50.39842486381531,-24.37533140182495,195.09607315063477,34.737181663513184,-32.39245653152466,279.93669509887695,99.22064065933228,7.176795601844788,244.6560287475586,77.60005474090576,7.530232071876526,221.9296646118164,62.699947357177734,-3.265415132045746,204.0213966369629,48.707953691482544,-13.380188941955566,280.1375389099121,110.63419818878174,24.14644956588745,255.18621444702148,97.92515516281128,23.496861457824707,237.75543212890625,87.50439405441284,16.139429807662964,222.9949188232422,76.89757347106934,8.616087436676025
4,368.2638931274414,143.9458465576172,0.00014251843822421506,378.70452880859375,197.19125747680664,8.151268362998962,365.50411224365234,226.00786685943604,10.706439018249512,339.4919204711914,242.43510246276855,17.72570252418518,319.44374084472656,261.2315368652344,25.652849674224854,324.80106353759766,226.52923107147217,-24.14346933364868,291.57299041748047,256.24134063720703,-27.134132385253906,272.24645614624023,275.5777072906494,-25.361697673797607,255.78716278076172,288.91468048095703,-21.647357940673828,309.1086006164551,208.2096290588379,-18.97662043571472,274.70788955688477,244.16607856750488,-26.182799339294434,253.76398086547852,266.5071487426758,-24.741981029510498,237.52857208251953,282.5057888031006,-22.02969789505005,300.29701232910156,190.29107093811035,-9.125491380691528,268.8713073730469,223.9586591720581,-14.224117994308472,250.33172607421875,246.9217014312744,-14.784009456634521,234.48553085327148,261.95817947387695,-13.018536567687988,291.69076919555664,173.03406715393066,4.198400378227234,268.31714630126953,197.72343635559082,6.027777194976807,254.52686309814453,214.22595977783203,8.582305312156677,241.2051010131836,229.31091785430908,11.005109548568726
5,370.55187225341797,144.18889045715332,9.121956281887833e-05,388.7112045288086,192.93545722961426,7.148191332817078,381.70055389404297,225.935640335083,10.01136302947998,358.8817596435547,247.80424118041992,16.952778100967407,341.77791595458984,269.59407806396484,25.177648067474365,341.39503479003906,232.72443294525146,-19.23776149749756,316.3235664367676,271.5744209289551,-20.213983058929443,302.35301971435547,295.0638198852539,-17.53444194793701,290.7149124145508,313.3450126647949,-13.8512122631073,321.43566131591797,217.9198980331421,-14.383528232574463,298.0340766906738,263.946533203125,-20.499155521392822,284.03913497924805,290.8038139343262,-19.518771171569824,273.0989646911621,312.03028678894043,-17.342560291290283,308.8213920593262,202.10217475891113,-5.228670239448547,286.03769302368164,243.8495922088623,-8.362993001937866,273.76089096069336,271.0254192352295,-7.667461633682251,263.217716217041,289.7724723815918,-5.341471433639526,297.1204948425293,184.76886749267578,6.827499866485596,279.7419738769531,216.7625856399536,11.343940496444702,270.69644927978516,236.77446842193604,15.957255363464355,262.1893119812012,254.27759170532227,19.656977653503418
6,369.9058532714844,142.10991382598877,0.00019858713130815886,375.98819732666016,193.7725067138672,2.703513503074646,358.9006805419922,220.60077667236328,1.812397986650467,328.3799362182617,234.71071243286133,6.168809533119202,305.1573371887207,251.17120742797852,11.369249820709229,317.83092498779297,215.26100635528564,-31.059136390686035,280.3675079345703,240.83398818969727,-33.95862817764282,258.3894348144531,257.7733039855957,-31.383605003356934,239.68740463256836,269.5836639404297,-27.72885799407959,303.2928657531738,194.27188396453857,-25.03460168838501,264.69120025634766,225.72700023651123,-33.72622728347778,240.79788208007812,245.3877067565918,-33.34790229797363,222.0327377319336,259.7805690765381,-31.763291358947754,297.1998977661133,175.31903743743896,-14.411051273345947,261.44229888916016,204.2400026321411,-20.821921825408936,239.22590255737305,225.24235725402832,-22.171590328216553,221.23394012451172,239.13125038146973,-21.311569213867188,292.1464538574219,157.30822563171387,-0.8175407350063324,265.02933502197266,177.93667316436768,-0.24862390011548996,248.0752182006836,192.08341598510742,1.5296682715415955,232.24187850952148,205.2528476715088,3.1635260581970215
7,379.9954605102539,142.16161251068115,0.0002634343945828732,362.6240921020508,194.1439390182495,-4.065209627151489,335.21800994873047,211.69542789459229,-6.914200186729431,303.7772750854492,209.4315004348755,-3.1652358174324036,274.7711753845215,213.2660150527954,1.8232907354831696,296.89855575561523,184.32505130767822,-35.3228497505188,252.8122329711914,184.36941146850586,-37.236225605010986,225.3853416442871,184.2414665222168,-33.7449312210083,204.6957015991211,181.44005298614502,-28.996565341949463,294.24333572387695,158.95872116088867,-24.664413928985596,244.75391387939453,163.12326908111572,-30.42968511581421,214.53851699829102,164.65696334838867,-28.164668083190918,191.96474075317383,163.7821626663208,-25.26404857635498,297.13788986206055,138.93107414245605,-9.996492862701416,252.62445449829102,144.4305181503296,-12.780860662460327,223.27564239501953,149.06663417816162,-13.525046110153198,200.2954864501953,149.63740825653076,-12.957866191864014,299.3779754638672,122.35224723815918,6.8389201164245605,268.0772590637207,126.4405632019043,9.285232424736023,247.00860977172852,129.66646671295166,10.254449844360352,226.7294692993164,131.75601482391357,11.0136079788208
8,371.5934753417969,137.58184432983398,0.0001922919364005793,379.0706253051758,187.4241828918457,6.348338723182678,363.87237548828125,214.87233638763428,5.633765459060669,335.3998565673828,230.99314212799072,8.51504385471344,313.8948631286621,249.20371055603027,11.870572566986084,324.5747375488281,213.1005048751831,-25.681917667388916,287.4199104309082,241.0463047027588,-29.197087287902832,266.0533332824707,257.9724311828613,-27.32283353805542,247.90777206420898,269.57837104797363,-23.994791507720947,309.33849334716797,193.85573387145996,-22.64791488647461,271.35488510131836,227.9822301864624,-31.70583486557007,247.97962188720703,247.80753135681152,-31.607182025909424,229.35009002685547,262.27935791015625,-29.889869689941406,302.0198059082031,175.00132083892822,-15.096091032028198,266.7814826965332,207.1375036239624,-21.635634899139404,245.34578323364258,228.61114025115967,-22.063140869140625,227.87044525146484,242.38929748535156,-20.433123111724854,295.3304672241211,155.70801258087158,-4.441560804843903,268.0512237548828,179.90700244903564,-2.872888147830963,252.30342864990234,195.5449104309082,0.6635081768035889,238.11750411987305,209.54688549041748,3.557201325893402
9,377.7131652832031,134.73512649536133,0.0003072910840273835,388.29288482666016,179.24031257629395,-5.923848748207092,384.8820114135742,214.10902976989746,-16.937700510025024,383.17745208740234,248.16232681274414,-25.411272048950195,387.1869659423828,275.51422119140625,-34.27296161651611,328.03882598876953,209.7863531112671,-29.696147441864014,289.0127754211426,241.02347373962402,-38.91798734664917,266.7145538330078,258.4713363647461,-42.41962909698486,247.9742431640625,271.0019016265869,-43.04356098175049,310.5332946777344,192.75943279266357,-26.00656747817993,271.9293403625488,228.47801685333252,-36.15527868270874,247.92518615722656,249.67111587524414,-37.90942430496216,228.46115112304688,263.5924530029297,-37.735722064971924,301.5123748779297,172.9515552520752,-20.092599391937256,266.93620681762695,207.41872787475586,-25.645923614501953,243.81576538085938,228.45474243164062,-27.065372467041016,226.67633056640625,243.43331336975098,-26.833648681640625,297.6247978210449,153.5084867477417,-13.173571825027466,269.3483543395996,179.0651035308838,-13.078750371932983,253.35468292236328,195.71009159088135,-10.209455490112305,240.59846878051758,209.38817024230957,-7.479046583175659
10,372.84461975097656,138.15346240997314,0.00022106225515017286,383.2967758178711,185.3976058959961,3.7900257110595703,370.9237289428711,217.71029949188232,1.9986508786678314,352.047119140625,243.76384735107422,3.4123754501342773,342.8875732421875,269.4455909729004,5.2317506074905396,325.4873275756836,212.99224376678467,-20.78049659729004,287.59307861328125,241.83591842651367,-23.961381912231445,266.190242767334,259.0115547180176,-22.596092224121094,248.24224472045898,270.5008792877197,-19.684752225875854,309.5142936706543,194.2975902557373,-16.042423248291016,270.1271629333496,228.48073482513428,-23.12988042831421,247.13384628295898,248.50942611694336,-22.547264099121094,227.6074981689453,263.605899810791,-20.260767936706543,301.9040870666504,175.12736320495605,-7.500289082527161,265.67853927612305,207.0846462249756,-11.361724138259888,243.94840240478516,228.6151885986328,-10.74879765510559,225.90091705322266,243.1937599182129,-8.49669098854065,297.3202896118164,155.55238723754883,3.565441071987152,269.7518539428711,179.65494632720947,6.440442800521851,253.94010543823242,195.21477699279785,10.656187534332275,238.61331939697266,208.53743076324463,14.34423565864563
11,371.30794525146484,137.65967845916748,0.0001791585782484617,378.07064056396484,190.0738763809204,8.565940856933594,362.78724670410156,216.31871223449707,9.930269718170166,336.24603271484375,231.06515407562256,15.299426317214966,316.14336013793945,250.79976081848145,21.256136894226074,322.80845642089844,215.9211015701294,-24.590144157409668,287.1751022338867,241.94575309753418,-27.210524082183838,266.10666275024414,258.42761993408203,-24.917175769805908,247.97378540039062,269.1460990905762,-20.966129302978516,308.39534759521484,196.4784049987793,-20.231304168701172,270.8148956298828,228.5681962966919,-28.41454029083252,247.6174545288086,247.8193187713623,-27.68077850341797,229.10375595092773,261.90587997436523,-25.405254364013672,301.1690139770508,177.0669651031494,-10.94003438949585,266.73974990844727,207.29743480682373,-17.18640446662903,245.60428619384766,228.12795639038086,-18.229992389678955,227.8250503540039,241.57236099243164,-16.78052306175232,294.2140197753906,157.88462162017822,2.0089486241340637,268.15914154052734,180.10701656341553,3.509480059146881,252.36379623413086,195.16151905059814,6.1561501026153564,237.48559951782227,209.14391040802002,8.447737097740173
12,370.5079650878906,136.74416542053223,0.0003376700260560028,372.56866455078125,146.07394695281982,-45.97914218902588,353.1922149658203,159.6777105331421,-65.07158279418945,327.69893646240234,172.56032466888428,-75.70122718811035,304.69554901123047,188.46930027008057,-85.14957427978516,306.95714950561523,175.24622440338135,-45.52412033081055,277.4757194519043,199.98935222625732,-63.20582866668701,255.0411033630371,219.8792552947998,-77.27809429168701,235.74237823486328,236.40220642089844,-86.89796447753906,304.24617767333984,180.78457832336426,-28.809614181518555,273.9134979248047,207.11328506469727,-46.23603343963623,248.8321304321289,227.39544868469238,-60.493621826171875,226.90288543701172,243.78347396850586,-70.18957614898682,305.21549224853516,185.2501344680786,-15.439039468765259,277.3460006713867,208.58466625213623,-30.503344535827637,256.42282485961914,225.9968376159668,-41.885952949523926,237.2991943359375,240.36312103271484,-48.95449161529541,307.79449462890625,188.58259677886963,-5.8544933795928955,285.2410316467285,206.97694301605225,-18.764859437942505,268.4117126464844,219.56491470336914,-27.933640480041504,253.48499298095703,230.8529233932495,-33.923985958099365
13,372.2745132446289,124.33892726898193,0.0005251789843896404,382.01637268066406,149.85806465148926,-53.85739326477051,381.5650939941406,180.0692653656006,-79.03773307800293,387.80277252197266,212.89312362670898,-91.81685447692871,391.6069030761719,243.7913703918457,-103.07790756225586,311.40201568603516,176.5096378326416,-65.59318542480469,278.5898971557617,210.05106925964355,-79.39736843109131,254.77344512939453,233.9210844039917,-90.43585777282715,235.35747528076172,251.67094230651855,-96.79197311401367,306.89889907836914,179.39947128295898,-35.204176902770996,271.66601181030273,211.6356897354126,-45.0722074508667,248.99656295776367,235.49846649169922,-54.35718059539795,230.03667831420898,253.5006809234619,-61.46803379058838,307.7402877807617,180.85782051086426,-6.039566993713379,278.61419677734375,207.85542011260986,-10.31104326248169,258.50656509399414,227.50691413879395,-20.703105926513672,243.52943420410156,242.91561126708984,-28.309261798858643,311.13473892211914,183.8510227203369,19.760085344314575,289.16975021362305,204.3614673614502,19.453147649765015,275.57546615600586,218.519868850708,14.30660367012024,263.24865341186523,230.26491165161133,9.70638632774353
14,372.3314666748047,125.76906681060791,0.00035442033549770713,378.61793518066406,155.80703258514404,-46.416025161743164,365.0747299194336,187.12932586669922,-64.57338809967041,352.3004913330078,217.67874240875244,-69.6043348312378,343.28407287597656,248.27476501464844,-71.83191776275635,306.71838760375977,174.26575183868408,-63.10371398925781,274.4374656677246,208.25188636779785,-76.5612268447876,252.5661277770996,233.55969429016113,-85.32005310058594,234.98676300048828,251.39436721801758,-88.99617195129395,301.1201286315918,174.3009853363037,-32.72099733352661,266.9039726257324,207.10856437683105,-42.30976104736328,245.34198760986328,232.175874710083,-46.59861087799072,228.76070022583008,249.4021224975586,-49.049739837646484,302.23201751708984,175.4657220840454,-2.7284571528434753,275.5415725708008,203.57877731323242,-8.0134779214859,257.96728134155273,225.71876049041748,-13.67119312286377,244.935302734375,241.62165641784668,-16.479076147079468,305.797119140625,177.99377918243408,24.8956561088562,288.2295036315918,199.27577018737793,23.596627712249756,277.1442985534668,214.9235486984253,20.574238300323486,267.462215423584,228.12203407287598,18.888427019119263
15,367.25013732910156,131.79579734802246,0.0002275452425237745,374.3911361694336,159.2006492614746,-37.05458164215088,352.2919464111328,183.37676525115967,-49.227495193481445,324.80167388916016,202.1932554244995,-52.761335372924805,302.31727600097656,219.43665504455566,-54.983391761779785,312.78223037719727,172.56972312927246,-39.985761642456055,283.83121490478516,205.193510055542,-51.44547939300537,263.5221290588379,228.17584991455078,-59.67371940612793,246.0057258605957,246.3446044921875,-64.84012603759766,303.9145278930664,169.65225219726562,-23.073601722717285,276.6891288757324,201.57368659973145,-34.53198194503784,255.2127456665039,226.27507209777832,-42.886924743652344,238.25714111328125,245.3902816772461,-48.20704460144043,302.5285339355469,170.37220001220703,-8.048666715621948,278.4979248046875,199.00367259979248,-19.696117639541626,260.34154891967773,221.58701419830322,-28.664674758911133,244.76594924926758,239.43360328674316,-33.520615100860596,304.3049621582031,174.1395092010498,4.586515426635742,286.10206604003906,196.99726581573486,-6.506983637809753,273.10047149658203,213.9252805709839,-13.962633609771729,260.52978515625,227.66770362854004,-18.067753314971924
16,362.1052551269531,167.69880294799805,0.00028471145924413577,329.2745590209961,145.2098035812378,-24.526965618133545,294.2234420776367,144.3259334564209,-31.352336406707764,263.7979507446289,149.93282318115234,-35.37078857421875,235.12456893920898,155.89791297912598,-39.22710180282593,264.84336853027344,177.16177940368652,-9.35198962688446,226.309814453125,194.1462278366089,-15.308637619018555,202.94988632202148,205.45347690582275,-23.873627185821533,183.3541488647461,216.23345375061035,-31.00135087966919,271.5203857421875,196.37709617614746,-3.245619535446167,229.41682815551758,215.33037185668945,-7.982354164123535,201.17450714111328,227.696213722229,-19.573765993118286,178.33240509033203,237.6774787902832,-29.68831777572632,283.0633735656738,212.43863582611084,-0.3641415759921074,244.36710357666016,229.3747043609619,-6.20263934135437,218.88612747192383,240.34835815429688,-18.582313060760498,197.0534896850586,249.27597999572754,-28.75885248184204,297.45155334472656,227.0387077331543,0.11509026400744915,267.52782821655273,238.79766941070557,-6.67300283908844,248.45026016235352,245.79216957092285,-14.77358341217041,229.4561767578125,250.93497276306152,-22.04751491546631
17,365.0178527832031,166.6897201538086,0.0002448838313284796,335.7120132446289,148.9098072052002,-21.944937705993652,293.72982025146484,153.0979299545288,-27.062883377075195,271.09811782836914,180.6412696838379,-29.406421184539795,279.6113586425781,206.58040523529053,-31.20234727859497,262.8923797607422,178.0354642868042,-7.941296100616455,226.3616943359375,194.81979846954346,-14.796578884124756,204.61084365844727,206.60592555999756,-23.403372764587402,184.9179458618164,217.23597049713135,-30.631086826324463,268.5523223876953,199.1689395904541,-3.8292014598846436,230.3672218322754,217.10094451904297,-9.192763566970825,204.4808578491211,229.77677822113037,-18.77864718437195,182.269287109375,240.51695823669434,-26.358933448791504,281.3828468322754,214.5443058013916,-2.5228330492973328,246.46320343017578,231.6071891784668,-8.40989887714386,220.8470916748047,241.98955535888672,-18.238579034805298,200.69732666015625,250.70334434509277,-25.441644191741943,299.0774345397949,226.73920154571533,-3.5882705450057983,270.4137420654297,239.47511672973633,-8.859250545501709,250.72124481201172,246.2150001525879,-13.525530099868774,233.4754180908203,251.53518676757812,-17.489430904388428
18,363.06201934814453,168.41018199920654,0.00029911308956798166,331.46190643310547,148.49169731140137,-29.07313346862793,295.7892036437988,147.94641494750977,-37.156546115875244,265.4183578491211,153.56799602508545,-41.71873092651367,236.07994079589844,161.55715942382812,-46.0411262512207,266.0408401489258,178.18832874298096,-10.937052965164185,226.88623428344727,193.9870262145996,-16.62785768508911,202.8440284729004,204.9960422515869,-25.554804801940918,183.24928283691406,215.9287691116333,-33.00851583480835,272.6279067993164,197.14037418365479,-2.37096443772316,229.70603942871094,216.0986566543579,-6.117302775382996,201.81827545166016,228.98587703704834,-18.202264308929443,179.30309295654297,239.51871871948242,-29.04696226119995,283.20091247558594,213.34928512573242,2.4472372233867645,244.95317459106445,230.007905960083,-2.3481564223766327,219.78843688964844,241.43732070922852,-15.856413841247559,198.3339500427246,250.6684112548828,-27.302839756011963,295.95733642578125,228.28436851501465,4.358582496643066,266.9002342224121,239.98462200164795,-1.4073596894741058,248.10823440551758,247.49361991882324,-10.21225094795227,229.63056564331055,252.72794723510742,-18.542338609695435
19,361.92962646484375,166.01932525634766,0.00028564580134116113,330.2463150024414,145.51766395568848,-25.78345537185669,292.31346130371094,139.19683456420898,-33.543362617492676,259.40406799316406,134.14112091064453,-38.01056146621704,233.1173324584961,127.27912902832031,-42.034711837768555,260.45339584350586,177.5981569290161,-10.71729302406311,223.6117935180664,196.31039142608643,-16.39503240585327,201.2623405456543,208.44640731811523,-24.725322723388672,181.8225860595703,219.5835542678833,-31.69119358062744,267.99962997436523,197.15301990509033,-3.7243884801864624,228.33765029907227,217.88702487945557,-8.496145606040955,201.77959442138672,231.2142276763916,-18.83109450340271,179.15328979492188,242.1720027923584,-27.562625408172607,280.8741569519043,212.84832000732422,0.09455086663365364,243.6138916015625,230.45140743255615,-5.861769318580627,219.18426513671875,241.59107208251953,-16.47684335708618,197.4559783935547,251.11936569213867,-24.78461980819702,296.10523223876953,227.0346736907959,1.346372812986374,266.5955352783203,239.0840721130371,-4.874342679977417,248.16591262817383,245.9043788909912,-11.170490980148315,228.77777099609375,250.85537910461426,-16.57758116722107
20,361.2571334838867,166.8526554107666,0.00027171325200470164,329.1596221923828,146.10547542572021,-26.10004186630249,292.5834846496582,145.2473258972168,-33.3016037940979,259.9945068359375,147.79244899749756,-37.11061716079712,230.78325271606445,148.20359230041504,-40.67044258117676,262.0052146911621,177.27789402008057,-11.138876676559448,225.21076202392578,195.6300401687622,-17.664068937301636,202.48804092407227,207.6986789703369,-26.527609825134277,182.91454315185547,219.34267044067383,-33.92730474472046,269.18264389038086,196.6495943069458,-4.0989950299263,229.06122207641602,216.88229084014893,-10.157002210617065,201.69042587280273,230.33203125,-21.996328830718994,178.61190795898438,241.6010856628418,-31.97519063949585,281.8532943725586,212.44179725646973,-0.32507259398698807,244.26422119140625,230.191011428833,-7.951176166534424,219.7405242919922,241.60088539123535,-20.673601627349854,197.95507431030273,251.0306453704834,-30.482451915740967,297.0445251464844,226.48637294769287,1.0536468774080276,267.5165557861328,238.90737533569336,-7.3016756772994995,248.9659881591797,245.7751178741455,-15.87895393371582,229.63077545166016,250.5805492401123,-23.02670955657959
21,363.8416290283203,164.939546585083,0.0002069598122034222,335.4039001464844,143.39956283569336,-21.959998607635498,294.23866271972656,138.0787181854248,-27.902889251708984,263.9984893798828,152.6927375793457,-31.254258155822754,262.6843452453613,178.6003589630127,-34.4875431060791,263.39115142822266,178.8213014602661,-11.41438364982605,226.00038528442383,196.39434814453125,-19.88943338394165,203.7109375,208.4714126586914,-29.285531044006348,183.6884880065918,219.07533645629883,-36.87438488006592,268.71721267700195,199.0945529937744,-7.531369924545288,228.40747833251953,219.24094676971436,-14.468311071395874,202.08833694458008,232.30018615722656,-25.00208616256714,180.5841827392578,242.84680366516113,-33.62297058105469,280.29706954956055,214.25198078155518,-6.291337609291077,244.2978858947754,232.874493598938,-13.714756965637207,219.2453956604004,244.04540061950684,-23.964273929595947,199.59096908569336,253.18914413452148,-31.798031330108643,296.5648651123047,226.87798976898193,-7.366976737976074,267.0916557312012,239.90465641021729,-14.326585531234741,247.16550827026367,247.16548919677734,-20.326340198516846,229.23900604248047,252.88341522216797,-25.485615730285645
22,361.4895248413086,166.31462574005127,0.00024597546143922955,330.47367095947266,145.3286647796631,-25.02058982849121,292.97550201416016,144.1832685470581,-31.688575744628906,259.51026916503906,147.95076370239258,-34.91490840911865,230.81043243408203,149.67576026916504,-37.72907257080078,261.54720306396484,176.88135623931885,-12.386984825134277,224.5174789428711,194.76120471954346,-19.977153539657593,202.07942962646484,206.7454719543457,-28.796212673187256,182.5969123840332,217.83574104309082,-35.84522247314453,267.98744201660156,196.58260345458984,-5.739184021949768,227.86245346069336,216.37606143951416,-12.826670408248901,200.89458465576172,229.62072372436523,-23.81720542907715,178.34989547729492,240.67620277404785,-32.64178991317749,280.73450088500977,212.31350898742676,-2.1489860117435455,242.97313690185547,230.10558128356934,-10.929358005523682,218.5068702697754,241.4608097076416,-22.547271251678467,197.0297622680664,251.0353660583496,-30.95120668411255,296.79920196533203,225.98668098449707,-0.7644029706716537,267.2880172729492,238.52691650390625,-10.029562711715698,248.77798080444336,245.36084175109863,-17.89254665374756,229.7235107421875,250.44124603271484,-23.896021842956543
23,362.83985137939453,165.37150382995605,0.00022147223717183806,332.6729965209961,144.29168701171875,-21.272268295288086,293.21821212768555,138.44976425170898,-27.668864727020264,258.6005973815918,133.86003971099854,-31.586730480194092,233.26509475708008,126.23826026916504,-35.0872015953064,259.9142837524414,176.32322788238525,-10.662728548049927,223.50811004638672,195.30996322631836,-18.41765522956848,202.02327728271484,207.80166149139404,-27.08075523376465,182.96710968017578,218.5677194595337,-34.0004563331604,266.6689872741699,196.63689136505127,-6.529930233955383,227.60950088500977,217.2765827178955,-13.6495840549469,201.76074981689453,230.53444862365723,-23.558859825134277,179.16501998901367,241.5248966217041,-31.363070011138916,279.66800689697266,212.52234935760498,-5.101110935211182,242.82232284545898,230.90927124023438,-13.369477987289429,218.99065017700195,242.16897010803223,-22.830185890197754,197.53833770751953,251.95704460144043,-29.560396671295166,296.6457748413086,226.1682415008545,-5.773764252662659,267.2264289855957,239.19459342956543,-13.85278582572937,248.91633987426758,246.14035606384277,-19.520984888076782,229.8122215270996,251.68127059936523,-23.6922287940979
24,366.1699676513672,171.206316947937,0.0002681246041902341,366.7556381225586,194.9345827102661,-37.59781837463379,341.1314010620117,208.49792003631592,-53.23518753051758,311.6514015197754,215.35808086395264,-61.869497299194336,285.27631759643555,224.99542236328125,-69.60598468780518,300.7551383972168,199.83728885650635,-42.294368743896484,260.39119720458984,219.81508255004883,-60.04319667816162,230.03395080566406,235.3324270248413,-72.36025333404541,204.9365234375,247.0444679260254,-80.13619422912598,295.1232147216797,195.38477897644043,-29.93121862411499,256.5089416503906,216.4336109161377,-48.0064582824707,224.9759292602539,232.6755666732788,-60.526442527770996,197.29597091674805,246.23024940490723,-68.42589855194092,293.19324493408203,194.78326320648193,-20.12667417526245,257.6365280151367,214.1736602783203,-36.54145956039429,231.2194061279297,228.58697891235352,-46.426658630371094,207.83605575561523,240.95675468444824,-51.72494411468506,293.8807487487793,197.78514862060547,-13.201183080673218,264.9125862121582,212.61391639709473,-27.251594066619873,244.79413986206055,222.20905780792236,-35.154409408569336,227.6123809814453,230.63876152038574,-39.623188972473145
25,369.6925735473633,160.86261749267578,-0.00023301303372136317,370.87169647216797,183.59115600585938,-39.76872682571411,344.7314453125,198.71832847595215,-50.964741706848145,315.91115951538086,207.56526947021484,-52.21906661987305,293.74597549438477,221.54195308685303,-52.5428581237793,292.91608810424805,196.7224359512329,-36.1354398727417,290.7873725891113,242.11283683776855,-47.875962257385254,296.6302299499512,272.2199821472168,-58.64245891571045,299.6620750427246,294.4906425476074,-65.03594398498535,287.8771209716797,195.86225509643555,-17.372981309890747,286.11066818237305,243.90006065368652,-27.209525108337402,294.33509826660156,275.04223823547363,-37.113404273986816,301.33628845214844,298.12259674072266,-43.96824359893799,288.80775451660156,198.73751163482666,-1.1694447696208954,286.7525291442871,240.16971588134766,-14.600017070770264,293.7410545349121,269.80064392089844,-25.755765438079834,297.0668029785156,292.12154388427734,-31.780636310577393,293.3356475830078,202.6843786239624,12.679399251937866,291.7916679382324,235.86673736572266,-0.005278851022012532,298.74032974243164,252.3186492919922,-7.077769041061401,302.85776138305664,265.314359664917,-10.332129001617432
26,363.1663131713867,172.7427864074707,0.0003526686123223044,363.19923400878906,188.113374710083,-55.83369255065918,339.35096740722656,197.76386260986328,-78.10342788696289,313.29442977905273,203.90650749206543,-88.65015983581543,285.76059341430664,215.15310287475586,-98.26026916503906,295.0149917602539,193.590087890625,-63.50355625152588,256.8795585632324,214.20767784118652,-80.78032493591309,228.46107482910156,227.59915351867676,-94.01264190673828,204.18710708618164,238.04235935211182,-102.94672966003418,290.05706787109375,194.9415922164917,-39.25525665283203,251.68827056884766,215.16353130340576,-56.278076171875,221.06521606445312,229.4518804550171,-70.97527027130127,195.9708023071289,240.52322387695312,-81.80057525634766,289.11659240722656,197.5226068496704,-17.797398567199707,255.0480079650879,214.69123363494873,-32.407286167144775,229.14318084716797,227.4149465560913,-47.416887283325195,207.65098571777344,236.79778575897217,-57.88633346557617,289.2744445800781,201.29289150238037,-0.25740744546055794,263.1871032714844,214.13384914398193,-13.140596151351929,244.0948486328125,223.13076496124268,-25.271143913269043,227.31565475463867,229.9586534500122,-34.29790496826172
27,363.2827377319336,169.3361234664917,0.0004530380465439521,366.1397933959961,182.86877632141113,-58.031463623046875,342.6856231689453,192.33620166778564,-83.55711936950684,314.2692565917969,199.12742614746094,-96.67685508728027,283.7784194946289,212.02398777008057,-108.93980979919434,293.8372039794922,185.85737228393555,-72.82573699951172,251.79424285888672,192.29564666748047,-93.82071495056152,220.20477294921875,193.18885803222656,-108.97491455078125,193.39618682861328,192.50564575195312,-118.81349563598633,284.5603942871094,188.02062034606934,-48.31267833709717,241.60816192626953,193.74578475952148,-69.26258563995361,207.2688102722168,193.29763412475586,-85.4270076751709,179.73979949951172,189.57425594329834,-97.05199241638184,282.1798324584961,191.79858684539795,-26.101667881011963,243.31275939941406,197.7161979675293,-43.19740295410156,214.00312423706055,196.8819236755371,-58.29969882965088,189.81525421142578,192.16637134552002,-68.7205982208252,282.7713394165039,196.996808052063,-7.701411843299866,253.39099884033203,201.87028884887695,-21.307637691497803,231.72124862670898,201.37853622436523,-33.164329528808594,212.5782012939453,199.02452945709229,-42.26951599121094
28,363.2435607910156,170.8906602859497,0.0003405502866371535,362.56874084472656,186.05393886566162,-60.016236305236816,338.66199493408203,194.6084976196289,-82.86614418029785,312.5193786621094,200.48635482788086,-92.50844955444336,283.28542709350586,213.5057258605957,-100.83456993103027,294.77087020874023,188.01531314849854,-67.63827323913574,256.08144760131836,210.37447929382324,-84.3549919128418,227.43457794189453,224.53402519226074,-97.26826667785645,202.47295379638672,235.2422046661377,-105.91073989868164,289.8705863952637,191.10507488250732,-39.95513677597046,250.89738845825195,213.1138515472412,-55.284085273742676,220.14568328857422,227.71900177001953,-69.23331260681152,195.49789428710938,238.13551425933838,-79.82264041900635,289.04052734375,195.78914165496826,-15.266809463500977,255.0446891784668,214.45279598236084,-29.211652278900146,229.07480239868164,227.37188816070557,-45.256919860839844,206.74301147460938,236.38734340667725,-56.52071952819824,288.56895446777344,201.42601490020752,5.37500262260437,263.1036376953125,215.5092430114746,-6.8763667345047,244.3100929260254,225.12296676635742,-19.56918478012085,227.11523056030273,231.9616985321045,-29.247126579284668
29,364.3678283691406,166.01946830749512,-0.0002754883644229267,363.28453063964844,182.52060413360596,-46.07086181640625,336.58382415771484,191.3109827041626,-60.31264781951904,308.44106674194336,199.10799980163574,-64.30555820465088,284.38695907592773,212.4953842163086,-66.17693901062012,284.2287063598633,183.42853546142578,-43.205037117004395,276.38017654418945,227.7630615234375,-58.23209285736084,288.3609390258789,255.88886260986328,-68.85006904602051,300.9765815734863,274.88147735595703,-74.11774158477783,280.2339744567871,187.50178813934326,-22.074131965637207,271.1530303955078,232.34118461608887,-36.73259735107422,285.26594161987305,259.82460021972656,-47.91913986206055,303.1569290161133,279.3035316467285,-54.423065185546875,281.6882133483887,194.2699384689331,-4.232839345932007,270.53565979003906,234.18318271636963,-20.591201782226562,285.7975387573242,257.9416751861572,-32.11360454559326,299.81435775756836,274.98395919799805,-37.55399703979492,286.7245101928711,201.6092348098755,10.679950714111328,277.61667251586914,230.87207794189453,-4.016357362270355,286.0373115539551,248.16226959228516,-13.261942863464355,294.87518310546875,262.46612548828125,-17.82042622566223
30,363.15940856933594,168.22291374206543,0.00032984247809508815,361.8096923828125,183.1193447113037,-57.21087455749512,336.53385162353516,191.53544425964355,-78.78156185150146,308.60910415649414,196.4785623550415,-88.3730697631836,280.5467987060547,205.62528133392334,-96.64506912231445,288.4550666809082,185.85001945495605,-60.16421318054199,248.9383316040039,207.16572761535645,-74.99731063842773,220.5984115600586,219.3090534210205,-86.78943634033203,195.7921600341797,228.00853729248047,-95.07383346557617,283.39893341064453,188.3692502975464,-34.763314723968506,242.8200912475586,209.30902004241943,-49.20651912689209,211.83834075927734,221.94464206695557,-62.368292808532715,186.88684463500977,230.57700634002686,-72.11127758026123,283.17235946655273,192.54745960235596,-12.598510980606079,246.73328399658203,210.40439128875732,-25.561342239379883,220.61527252197266,222.07828044891357,-39.57739591598511,198.2932472229004,229.7612714767456,-49.28616523742676,283.6706733703613,197.64601707458496,5.379306674003601,256.05199813842773,211.85235500335693,-6.449295878410339,236.9660186767578,221.4095163345337,-17.950115203857422,219.85788345336914,228.04638862609863,-26.457524299621582
31,357.15187072753906,169.150972366333,0.00042313902667956427,358.56163024902344,181.44481658935547,-56.50545597076416,335.35831451416016,189.14119720458984,-81.79688453674316,306.73961639404297,193.75654220581055,-95.36574363708496,275.4905700683594,202.88643836975098,-108.12983512878418,286.9505500793457,178.9670705795288,-71.81704998016357,245.74417114257812,186.08513832092285,-96.00823402404785,213.57715606689453,188.2470989227295,-113.27946662902832,186.31494522094727,188.27980041503906,-124.1743278503418,278.9860534667969,183.43432903289795,-49.268431663513184,235.92086791992188,189.98748779296875,-72.25827217102051,201.6197967529297,191.706862449646,-88.7272834777832,173.62726211547852,189.86839771270752,-100.12346267700195,276.22507095336914,188.85013103485107,-29.34234380722046,238.9152717590332,194.85830783843994,-48.22906970977783,210.60962677001953,196.36666774749756,-62.53413200378418,187.40055084228516,193.43337535858154,-71.90707206726074,276.3651466369629,195.1945924758911,-13.352525234222412,248.65215301513672,199.7786808013916,-28.865938186645508,227.73195266723633,199.7244644165039,-40.605244636535645,209.11527633666992,197.6211404800415,-48.96100044250488
32,361.0200500488281,169.9546194076538,0.00029951803298899904,358.2521438598633,185.59199810028076,-57.860121726989746,335.7157897949219,193.28510284423828,-80.17819404602051,310.71773529052734,196.2101697921753,-90.35666465759277,284.0831756591797,204.66881275177002,-98.99154663085938,286.19720458984375,189.1733980178833,-61.51181697845459,248.81315231323242,213.37909698486328,-75.6538438796997,221.74884796142578,228.10335159301758,-87.00986862182617,198.4036636352539,239.38397884368896,-94.9301528930664,281.6796112060547,189.15658950805664,-35.03026008605957,243.9292335510254,213.4445285797119,-47.31868267059326,216.1363410949707,229.14050102233887,-58.76296520233154,193.44440460205078,241.30688667297363,-67.6523208618164,281.8335151672363,191.04118824005127,-11.7685866355896,248.86659622192383,211.48345470428467,-22.68609046936035,225.29361724853516,225.59589385986328,-35.41559934616089,205.0743865966797,236.0991668701172,-44.65984344482422,282.5700569152832,194.23913955688477,7.17519223690033,257.87670135498047,209.9152135848999,-2.7584809064865112,240.74512481689453,221.46459102630615,-13.123229742050171,225.53234100341797,230.33652305603027,-21.057538986206055
33,359.40563201904297,170.2481746673584,-0.00018290085790795274,356.53125762939453,185.2499485015869,-36.856276988983154,330.17791748046875,191.38607025146484,-48.08356761932373,301.4585876464844,194.7093915939331,-53.59119892120361,275.506649017334,202.2802448272705,-55.33144950866699,281.5522003173828,187.57332801818848,-21.949808597564697,250.17549514770508,214.19114112854004,-38.75415802001953,265.88491439819336,229.8292064666748,-48.309993743896484,284.09704208374023,229.3035078048706,-50.84762096405029,279.93377685546875,189.90042686462402,-6.491689085960388,249.33555603027344,217.26797103881836,-23.486464023590088,268.51417541503906,231.21771812438965,-30.038142204284668,286.03492736816406,228.77145767211914,-29.350874423980713,280.0189781188965,192.3272180557251,4.182892739772797,250.96790313720703,217.23785877227783,-12.811976671218872,270.7485580444336,230.07721424102783,-16.158294677734375,286.54932022094727,226.24783515930176,-12.899963855743408,280.8103942871094,194.598970413208,11.848572492599487,257.237606048584,214.41913604736328,-0.06926937960088253,269.93824005126953,224.49110984802246,-3.1079494953155518,285.0720977783203,221.2397289276123,-1.322420984506607
34,360.7839584350586,169.68735694885254,0.0003150542761432007,359.44583892822266,182.20290184020996,-48.251357078552246,336.04198455810547,190.40273666381836,-68.1027603149414,307.3925018310547,195.8315134048462,-78.89827728271484,279.1875648498535,205.18127918243408,-88.3156681060791,287.97021865844727,187.15491771697998,-50.285491943359375,248.58951568603516,203.15584659576416,-68.77370357513428,219.06124114990234,215.0855255126953,-82.359619140625,194.02700424194336,223.93605709075928,-91.38165473937988,282.42753982543945,190.20014762878418,-32.52730846405029,243.04306030273438,206.3566017150879,-50.89612007141113,211.6095733642578,217.08774089813232,-64.16830539703369,185.0870132446289,224.50610160827637,-72.85409450531006,280.92763900756836,194.17578220367432,-18.22874903678894,244.74929809570312,208.11872005462646,-34.493348598480225,218.20785522460938,217.66765594482422,-45.33790588378906,194.47038650512695,224.2573356628418,-51.778907775878906,281.02746963500977,198.94680976867676,-7.840200066566467,252.71419525146484,209.38196182250977,-22.074670791625977,231.82859420776367,216.0963535308838,-31.523332595825195,213.04779052734375,221.2734603881836,-37.4591064453125
35,363.5009765625,167.49066352844238,0.0002956330354209058,361.2449264526367,182.3507308959961,-41.884565353393555,336.4634323120117,190.88510513305664,-59.232330322265625,306.84240341186523,195.59045791625977,-68.92839908599854,278.47068786621094,206.45092964172363,-77.36355781555176,288.8759994506836,184.84454154968262,-43.18720817565918,249.58459854125977,196.41895294189453,-61.513051986694336,219.55448150634766,204.27781105041504,-75.14319896697998,193.98189544677734,209.00816917419434,-84.16627883911133,283.0375289916992,187.44000434875488,-29.303429126739502,241.89102172851562,198.85658740997314,-47.60590076446533,208.88389587402344,205.123929977417,-61.12762928009033,180.97984313964844,208.13735961914062,-69.98497486114502,281.80707931518555,191.5473461151123,-18.52982759475708,243.69537353515625,201.31665229797363,-34.47268486022949,215.34357070922852,206.75311088562012,-44.73461627960205,190.39772033691406,209.48209762573242,-50.770020484924316,283.60219955444336,196.8175220489502,-11.218405961990356,254.42926406860352,204.65742588043213,-24.918944835662842,232.97256469726562,207.80960083007812,-33.367815017700195,213.7678337097168,209.9778699874878,-38.597164154052734
36,379.6799850463867,307.71042823791504,0.0004291469304007478,373.8622283935547,278.35644721984863,-42.86027908325195,344.3393325805664,265.19039154052734,-59.741458892822266,312.8194808959961,261.1750030517578,-67.12980270385742,283.04386138916016,251.4334487915039,-73.03827285766602,303.6202049255371,293.60684394836426,-52.79103755950928,256.8344497680664,268.87739181518555,-67.98818588256836,227.34922409057617,255.03135681152344,-77.07211494445801,202.17391967773438,245.69958686828613,-82.51995086669922,297.766056060791,301.22735023498535,-34.07051086425781,249.85675811767578,275.588436126709,-51.57092094421387,219.42279815673828,258.34656715393066,-62.69913196563721,192.58804321289062,245.40578842163086,-69.1142463684082,296.0054016113281,300.38440704345703,-16.900774240493774,255.26973724365234,276.8514633178711,-31.61707878112793,227.2061538696289,260.74790954589844,-42.88905143737793,203.0164337158203,248.4631633758545,-49.191999435424805,296.81549072265625,296.28418922424316,-2.4321524798870087,266.503963470459,277.2520351409912,-13.06272268295288,245.5143165588379,264.177188873291,-21.237831115722656,228.1595230102539,253.24630737304688,-26.406559944152832
37,392.21229553222656,310.2307605743408,0.00041841303755063564,393.7499237060547,281.5781593322754,-36.38793468475342,393.78875732421875,241.64654731750488,-43.31552028656006,390.7946014404297,208.37499618530273,-42.368693351745605,386.5093231201172,175.48603534698486,-39.891977310180664,370.8990478515625,211.75901412963867,-12.262188196182251,376.14742279052734,165.6254768371582,-12.61626124382019,380.84590911865234,134.66320037841797,-18.13868284225464,385.44788360595703,110.2242636680603,-22.39598035812378,375.89515686035156,214.9676513671875,8.577489852905273,378.46492767333984,172.18379974365234,13.51533055305481,383.16463470458984,142.3494815826416,7.793095707893372,386.83067321777344,117.0836591720581,1.7474640905857086,382.6701354980469,220.15175342559814,25.77808380126953,384.5479202270508,183.91629695892334,30.97923994064331,387.8915786743164,156.91120147705078,25.31712532043457,392.0412826538086,132.20234870910645,19.16683793067932,389.7532272338867,225.86992263793945,39.37041521072388,390.2311706542969,195.92164993286133,43.531975746154785,392.8045654296875,175.3539276123047,41.312546730041504,396.3890838623047,156.37370109558105,38.21751832962036
38,381.81652069091797,288.99267196655273,0.00046966757508926094,385.4996109008789,262.54955291748047,-49.29725646972656,362.09339141845703,244.77750778198242,-69.61179733276367,333.4900665283203,234.60269451141357,-79.32577610015869,304.9288749694824,219.99823093414307,-87.99009323120117,316.5633964538574,256.31747245788574,-58.550662994384766,276.30226135253906,224.5479440689087,-74.2854118347168,247.72701263427734,206.51744842529297,-84.60420608520508,223.7605094909668,193.55608463287354,-91.22716903686523,307.8382682800293,263.1237602233887,-36.86347007751465,267.1173858642578,232.17337131500244,-53.338894844055176,238.67141723632812,211.4333152770996,-65.74748039245605,214.28516387939453,195.42747974395752,-73.96016597747803,305.10547637939453,265.0666809082031,-17.149152755737305,268.5234832763672,237.5996446609497,-30.417516231536865,243.2439422607422,218.70689392089844,-43.089704513549805,220.98007202148438,203.60346794128418,-51.41674041748047,304.88895416259766,265.4264259338379,-0.6593363732099533,274.5700263977051,246.9704532623291,-11.743428707122803,252.22665786743164,234.00335311889648,-21.677005290985107,233.48604202270508,223.34664344787598,-28.57882022857666
39,362.0022964477539,293.4913444519043,0.0003381610076758079,362.78236389160156,292.5209712982178,-51.74602031707764,344.7555160522461,303.6474609375,-75.07322788238525,319.5169448852539,319.5652484893799,-88.38726997375488,294.1710090637207,336.31848335266113,-100.5824089050293,300.0554656982422,329.6128177642822,-63.0692720413208,266.43259048461914,354.60920333862305,-85.93811988830566,240.20694732666016,372.8265953063965,-101.89173698425293,217.66357421875,387.996768951416,-112.10335731506348,290.3327178955078,332.4696350097656,-42.60563850402832,254.8019027709961,357.39129066467285,-64.72155570983887,227.87914276123047,376.4011859893799,-79.82527256011963,203.97457122802734,393.04195404052734,-89.8490047454834,286.1265754699707,332.91961669921875,-24.62111234664917,254.59468841552734,353.3042621612549,-42.93288707733154,230.15010833740234,369.8994541168213,-56.11622333526611,209.68963623046875,383.5253047943115,-64.21255588531494,285.74607849121094,333.26025009155273,-10.289546251296997,260.6082344055176,347.20441818237305,-24.183533191680908,241.6457748413086,358.55006217956543,-34.18632984161377,224.9010467529297,367.1950149536133,-40.859293937683105
40,374.8008346557617,311.29014015197754,0.0002977191616082564,376.9216537475586,266.6481399536133,-4.839571416378021,353.4734344482422,237.2821855545044,-5.202759504318237,321.9657516479492,223.29265594482422,-2.967679798603058,298.0726623535156,210.81464767456055,-0.7082361727952957,309.5028495788574,243.52466583251953,-12.304909229278564,267.8906440734863,220.1657009124756,-14.193823337554932,243.41310501098633,207.62383460998535,-14.127070903778076,223.9569854736328,198.33935737609863,-13.791658878326416,296.6816711425781,265.12484550476074,-10.158344507217407,253.6681365966797,237.3543405532837,-13.08789849281311,226.53846740722656,219.7823667526245,-14.331057071685791,207.84595489501953,206.5968132019043,-14.822359085083008,291.0913848876953,286.8321704864502,-7.393542528152466,249.6780014038086,261.0323238372803,-9.673311710357666,225.06658554077148,243.86549949645996,-12.803966999053955,206.94988250732422,230.0696325302124,-14.89068865776062,290.8125686645508,307.957706451416,-4.248020052909851,257.56385803222656,289.61849212646484,-6.80258572101593,239.25941467285156,277.0758533477783,-8.54677677154541,224.32924270629883,264.6295738220215,-9.186026453971863
41,385.6475067138672,300.01736640930176,0.0002803214738378301,397.7687454223633,260.0347423553467,-0.6899276375770569,383.09974670410156,225.48158168792725,0.2654244191944599,356.95079803466797,204.7405242919922,3.2905274629592896,337.2440719604492,188.62770080566406,5.959548354148865,339.7345733642578,220.142183303833,-12.829561233520508,310.9730339050293,183.65032196044922,-15.527827739715576,294.47826385498047,162.1102809906006,-15.645629167556763,280.71006774902344,145.67607879638672,-15.216366052627563,322.130126953125,236.3400363922119,-12.612957954406738,293.30177307128906,193.87149810791016,-17.09025263786316,275.7217216491699,168.08670043945312,-18.180902004241943,262.90828704833984,149.17613983154297,-18.16657543182373,310.7915687561035,254.03334617614746,-11.095644235610962,281.80349349975586,214.472393989563,-14.193129539489746,266.13569259643555,189.9419403076172,-16.172211170196533,254.78713989257812,171.0523796081543,-17.101247310638428,304.5574951171875,273.4862422943115,-8.805727362632751,278.65699768066406,243.67149353027344,-11.044152975082397,266.30054473876953,224.55077648162842,-11.683372259140015,256.86853408813477,207.2947883605957,-11.456135511398315
42,382.9758834838867,309.53455924987793,0.00027112173484056257,380.8943557739258,262.18231201171875,-2.5036785006523132,352.6007843017578,235.61253547668457,-1.3688649237155914,318.31708908081055,226.591157913208,2.631741166114807,292.71203994750977,218.82851600646973,6.7573899030685425,308.11288833618164,249.7239875793457,-15.1266610622406,260.40719985961914,232.5882625579834,-16.823241710662842,233.60824584960938,224.5195484161377,-15.281400680541992,212.41382598876953,219.420747756958,-13.71035099029541,299.2066764831543,273.8931655883789,-13.259035348892212,248.54732513427734,253.22333335876465,-18.506999015808105,218.77336502075195,241.04496002197266,-19.605023860931396,197.1774673461914,232.0149564743042,-19.32140588760376,296.555118560791,296.1449432373047,-9.954946637153625,249.31951522827148,277.47962951660156,-13.9951753616333,223.2758331298828,265.27027130126953,-16.762030124664307,203.0048370361328,255.02978324890137,-17.777756452560425,298.99694442749023,316.4750003814697,-5.784063935279846,260.39161682128906,302.8733253479004,-8.637211322784424,241.04297637939453,293.64892959594727,-9.830952882766724,225.2159881591797,283.4819984436035,-9.670574069023132
43,385.15663146972656,300.39496421813965,0.00022940224880585447,368.1840515136719,257.13626861572266,-4.022772908210754,332.60650634765625,241.4088249206543,-5.286797881126404,295.88356018066406,245.96397399902344,-3.8599413633346558,268.5473442077637,245.89659690856934,-2.720617651939392,297.49101638793945,268.4991931915283,-19.030996561050415,246.47640228271484,280.3777885437012,-23.017723560333252,218.14678192138672,288.36390495300293,-22.721755504608154,197.7440643310547,295.0659656524658,-21.86192512512207,298.6334991455078,295.6304168701172,-17.910010814666748,242.3635482788086,306.3229751586914,-25.170090198516846,209.36054229736328,312.7995014190674,-27.03315496444702,187.13096618652344,317.37610816955566,-27.10348129272461,304.13732528686523,318.62608909606934,-15.446598529815674,251.47579193115234,326.5679740905762,-21.574764251708984,221.02127075195312,331.0151767730713,-24.87121820449829,197.6739501953125,334.1560649871826,-25.809972286224365,313.82558822631836,337.54051208496094,-12.12071418762207,270.95531463623047,342.5236129760742,-16.998002529144287,247.03264236450195,344.9241256713867,-18.96328330039978,226.46343231201172,344.98080253601074,-18.89771819114685
44,382.5389862060547,309.411563873291,0.0002869213858502917,382.1400451660156,263.4444236755371,-2.741318941116333,357.07653045654297,236.82598114013672,-3.0016404390335083,323.5546875,224.86507415771484,-0.29197540134191513,298.2964324951172,214.26208019256592,2.3538362979888916,314.4601821899414,244.8873996734619,-17.142821550369263,266.9593620300293,226.13021850585938,-18.765544891357422,240.52345275878906,216.73853874206543,-16.798341274261475,220.48606872558594,210.1155138015747,-14.775775671005249,303.7104606628418,268.02002906799316,-15.173865556716919,254.27974700927734,245.25200843811035,-20.20869255065918,224.54509735107422,231.69254779815674,-20.675129890441895,204.20082092285156,221.22722625732422,-19.862642288208008,299.42745208740234,290.84278106689453,-11.734760999679565,253.4910011291504,269.0766906738281,-16.105912923812866,227.13117599487305,254.87065315246582,-18.99323582649231,207.35761642456055,242.53000259399414,-19.989733695983887,300.47523498535156,312.5307083129883,-7.217525243759155,261.9723129272461,296.61349296569824,-10.162287950515747,242.24231719970703,286.5396022796631,-11.322648525238037,225.65227508544922,275.79442977905273,-11.17943525314331
45,383.4324264526367,309.51330184936523,0.00039270289562409744,387.30010986328125,263.9931392669678,-11.091669797897339,375.9061050415039,228.73701095581055,-18.677576780319214,368.5847473144531,196.62458896636963,-23.580896854400635,369.38968658447266,172.14938163757324,-29.09193754196167,316.7221260070801,243.41588973999023,-22.954118251800537,268.31066131591797,225.50783157348633,-28.35292100906372,241.31698608398438,216.41432762145996,-30.576939582824707,220.98661422729492,209.44284439086914,-31.702075004577637,305.30248641967773,267.2721290588379,-20.379657745361328,255.75178146362305,245.59075355529785,-24.85112428665161,224.94060516357422,232.16837882995605,-27.23701238632202,204.0860939025879,221.53730392456055,-28.80713701248169,300.1765823364258,290.97859382629395,-17.56109595298767,254.73880767822266,269.5820903778076,-21.348285675048828,228.17066192626953,255.6130886077881,-26.519169807434082,208.81967544555664,243.68033409118652,-29.91506576538086,299.8313331604004,312.0996952056885,-15.015338659286499,263.4070014953613,296.5827941894531,-19.861714839935303,243.1981086730957,286.9944763183594,-23.30399513244629,226.3163948059082,276.61219596862793,-24.930548667907715
46,382.1603012084961,305.6063175201416,0.0003299924355815165,382.843017578125,261.5629005432129,-8.734652400016785,360.2831268310547,231.52582168579102,-13.927704095840454,332.07130432128906,209.92504119873047,-16.328028440475464,316.0659980773926,188.5202693939209,-18.961762189865112,316.00542068481445,243.34333419799805,-21.472182273864746,267.48531341552734,225.1373291015625,-27.254493236541748,240.5138397216797,215.78956604003906,-28.676269054412842,220.09004592895508,208.90231132507324,-29.08015489578247,304.8805618286133,266.86068534851074,-19.580782651901245,255.09471893310547,245.1177978515625,-26.37028217315674,225.37151336669922,231.8423366546631,-29.01439666748047,204.46815490722656,221.0016918182373,-30.16317129135132,299.8991012573242,290.17879486083984,-17.147334814071655,253.92627716064453,268.85430335998535,-23.513879776000977,226.7966079711914,254.8689365386963,-28.431425094604492,206.52238845825195,242.74632453918457,-31.205811500549316,300.13545989990234,311.5426540374756,-14.41382646560669,262.5826644897461,295.6516170501709,-20.49704074859619,242.7642822265625,285.88531494140625,-23.485095500946045,225.97900390625,275.84712982177734,-24.580199718475342
47,381.42574310302734,308.201265335083,0.0002884900095523335,383.5575866699219,263.6787986755371,-4.716448187828064,356.7875289916992,237.07238674163818,-5.779606103897095,322.3815155029297,225.42341709136963,-4.265802800655365,298.905086517334,212.76291847229004,-2.959824502468109,314.6664237976074,244.57609176635742,-17.007347345352173,266.74591064453125,225.99420547485352,-20.438408851623535,240.35781860351562,216.194486618042,-19.870357513427734,220.08445739746094,209.26764965057373,-18.87747883796692,303.3374786376953,267.63376235961914,-15.529428720474243,253.68234634399414,245.201997756958,-21.12175226211548,224.6076202392578,231.43548488616943,-22.401857376098633,204.07039642333984,220.5946397781372,-22.247867584228516,298.8347053527832,290.2046298980713,-13.124010562896729,252.8939437866211,269.15782928466797,-18.30999732017517,226.3421630859375,255.23792266845703,-21.982450485229492,205.95399856567383,243.43314170837402,-23.58902931213379,300.12298583984375,311.6653633117676,-10.030196905136108,262.09163665771484,296.2786674499512,-14.725689888000488,242.12594985961914,286.6878890991211,-16.910057067871094,225.46573638916016,276.82926177978516,-17.30791449546814
48,383.8591003417969,304.04356956481934,0.00037133846490178257,380.13023376464844,282.8623867034912,-40.875258445739746,354.80560302734375,268.11195373535156,-56.13351345062256,326.2259292602539,260.23266792297363,-63.68007183074951,299.5732879638672,248.16584587097168,-69.80048179626465,304.08260345458984,273.78315925598145,-36.97036027908325,262.60114669799805,254.72147941589355,-50.06760597229004,234.64120864868164,242.94462203979492,-60.40414333343506,210.902099609375,234.3590784072876,-67.42014408111572,300.05943298339844,274.19915199279785,-20.39675235748291,259.4088363647461,257.33659744262695,-34.98544931411743,230.21827697753906,243.7056827545166,-48.741698265075684,204.38262939453125,232.56214141845703,-57.83438682556152,300.2882957458496,274.008264541626,-6.470293998718262,262.67513275146484,259.0616512298584,-20.02260446548462,236.9434928894043,247.4275302886963,-32.7937912940979,214.56045150756836,237.51319885253906,-40.639472007751465,301.1962890625,274.9721431732178,4.586352705955505,272.59037017822266,263.7168216705322,-6.364731788635254,252.0720100402832,254.65667724609375,-15.054757595062256,235.23382186889648,245.87230682373047,-20.652353763580322
49,387.1837615966797,319.86305236816406,0.0003865851613227278,389.34017181396484,281.05098724365234,-34.694554805755615,379.2679977416992,243.14569473266602,-50.50462245941162,375.11669158935547,210.08817672729492,-58.878798484802246,377.5746536254883,183.92601013183594,-65.7060432434082,311.06958389282227,271.85500144958496,-42.388877868652344,262.10079193115234,249.91873741149902,-53.50208759307861,229.7960662841797,237.61638164520264,-60.361695289611816,204.15302276611328,229.91191864013672,-63.869924545288086,305.0934028625488,285.5207920074463,-26.16917610168457,257.56752014160156,262.5556755065918,-34.96115207672119,225.8504295349121,245.54829597473145,-38.75169038772583,203.03218841552734,234.67509269714355,-40.37022113800049,304.705810546875,292.5738716125488,-11.282227039337158,263.546199798584,271.63453102111816,-18.244714736938477,238.42506408691406,256.1822319030762,-22.106473445892334,218.53137969970703,244.0393352508545,-23.1362247467041,305.90171813964844,293.72883796691895,0.9245195984840393,275.7868957519531,275.00587463378906,-3.605726957321167,255.6794548034668,262.24310874938965,-5.513104200363159,239.71763610839844,251.58004760742188,-5.639172792434692
50,379.1978454589844,312.32471466064453,0.00035420020140009,379.21836853027344,278.35012435913086,-35.239880084991455,353.2633972167969,248.618803024292,-48.11871528625488,323.2560729980469,228.4001111984253,-53.02655220031738,306.89884185791016,205.4853343963623,-56.794233322143555,310.51435470581055,274.88471031188965,-44.03400421142578,262.647647857666,251.89584732055664,-57.13350296020508,230.51589965820312,239.5775842666626,-65.19245147705078,204.67370986938477,231.28583908081055,-69.43195819854736,303.3080291748047,286.0568904876709,-26.590919494628906,256.1949348449707,263.263635635376,-38.524010181427,223.43013763427734,247.50308990478516,-45.18123149871826,196.74854278564453,236.38144969940186,-48.455848693847656,301.2699508666992,289.2227268218994,-10.182090997695923,261.55479431152344,268.03916931152344,-18.73240351676941,233.60523223876953,252.6052951812744,-25.00230073928833,210.95014572143555,240.12574195861816,-27.99489736557007,301.22961044311523,288.7195873260498,3.7007471919059753,270.7760429382324,269.42456245422363,-1.9943691790103912,250.0078582763672,256.59544944763184,-6.023070812225342,233.8416290283203,245.0054168701172,-7.812756896018982
51,379.62833404541016,310.9464168548584,0.0004145455386606045,373.5607147216797,279.6397590637207,-40.37529945373535,342.4551773071289,258.4559726715088,-50.9720516204834,310.88090896606445,250.12962341308594,-51.53550624847412,283.88248443603516,237.86507606506348,-50.16399383544922,303.2625389099121,280.82390785217285,-39.37308311462402,259.4914245605469,255.76601028442383,-47.03049182891846,230.53558349609375,240.99380493164062,-52.27687358856201,206.73660278320312,229.56923961639404,-54.855031967163086,299.9115562438965,286.7739486694336,-16.241896152496338,256.32116317749023,263.34056854248047,-23.372254371643066,226.8741798400879,246.4588737487793,-29.73317861557007,201.0889434814453,233.1474208831787,-33.26417922973633,301.2871551513672,286.4378070831299,5.312588214874268,265.1283645629883,265.8126926422119,0.4882426932454109,239.18216705322266,250.90773582458496,-6.634678244590759,216.5023422241211,238.36342334747314,-10.681262016296387,303.9637756347656,284.0428161621094,24.051594734191895,275.8459281921387,267.18798637390137,21.607182025909424,256.2174606323242,255.47189712524414,17.506625652313232,239.8215103149414,244.2612648010254,15.157853364944458
52,376.5110778808594,275.0014114379883,0.00028814272809540853,346.5165328979492,300.3907871246338,-22.99412250518799,307.6594352722168,303.82155418395996,-28.87197971343994,277.1748733520508,293.2990837097168,-31.908247470855713,251.92331314086914,279.1052055358887,-33.77340316772461,279.4167137145996,271.71217918395996,-3.8089078664779663,240.2323341369629,258.7917137145996,-10.753934383392334,215.7530975341797,249.99618530273438,-20.46656847000122,194.89307403564453,242.16035842895508,-28.40092182159424,283.8915252685547,250.999174118042,1.0533441603183746,242.81177520751953,238.8715410232544,-3.8049450516700745,215.01977920532227,229.7044801712036,-14.336278438568115,191.82518005371094,223.94651412963867,-23.090639114379883,294.1083526611328,235.77542781829834,2.1612562239170074,255.4201889038086,221.92355632781982,-3.4066468477249146,232.33257293701172,213.543062210083,-12.356382608413696,210.84304809570312,207.10866451263428,-19.86891508102417,307.84801483154297,221.58206462860107,0.7021299749612808,279.04409408569336,211.3648223876953,-5.450001955032349,260.97412109375,206.47340297698975,-11.051753759384155,241.72903060913086,201.38638973236084,-15.983889102935791
53,376.71016693115234,275.92809677124023,0.00021236222892184742,349.0035629272461,299.6671772003174,-13.457601070404053,309.5130729675293,300.5855369567871,-18.352428674697876,283.9805221557617,278.55823516845703,-22.453131675720215,283.58713150024414,256.58912658691406,-26.23910665512085,277.8840637207031,271.19359016418457,-6.49349570274353,239.09002304077148,257.1905994415283,-14.988765716552734,216.0393524169922,247.0895290374756,-23.699378967285156,196.20014190673828,238.18830013275146,-30.774953365325928,282.4695587158203,251.3653564453125,-7.324736714363098,241.89868927001953,237.29629039764404,-13.785752058029175,216.44207000732422,227.3487424850464,-21.67259693145752,193.6700439453125,219.14216995239258,-27.823238372802734,293.1181526184082,236.08057022094727,-10.307338237762451,256.0714340209961,222.131667137146,-16.579580307006836,232.0645523071289,212.77968406677246,-22.94581651687622,212.1696662902832,205.43081760406494,-27.924222946166992,309.6729278564453,221.32887840270996,-15.09408950805664,281.2339782714844,210.60652256011963,-20.805554389953613,262.00830459594727,204.03509616851807,-23.81321430206299,245.13059616088867,198.58109951019287,-26.180176734924316
54,374.3628692626953,272.6243591308594,0.00022994247046881355,346.8260955810547,296.85619354248047,-16.079119443893433,308.76930236816406,298.6842727661133,-21.615173816680908,275.974063873291,288.14952850341797,-25.50590753555298,248.45563888549805,287.63829231262207,-28.626844882965088,279.8295021057129,271.323766708374,-8.252702355384827,239.83041763305664,257.5602436065674,-18.74369502067566,216.2337875366211,247.52403259277344,-28.028435707092285,195.68416595458984,238.8247776031494,-34.544079303741455,283.6935806274414,251.62336349487305,-7.584576606750488,242.4856185913086,237.6839017868042,-15.97130537033081,215.92058181762695,227.864670753479,-24.67700719833374,192.66843795776367,220.07643699645996,-30.984232425689697,293.78950119018555,236.1990451812744,-9.429019689559937,255.61006546020508,221.93522930145264,-17.782381772994995,231.8801498413086,212.44452953338623,-24.171438217163086,211.0394287109375,204.9741268157959,-28.67128610610962,309.127197265625,221.98785781860352,-13.032106161117554,280.5240249633789,211.19041442871094,-20.65120220184326,261.7378234863281,204.94279861450195,-24.1709566116333,244.2934799194336,199.96962547302246,-26.431822776794434
55,378.35208892822266,279.28768157958984,0.0002410883826087229,347.5791549682617,301.8988037109375,-16.85376524925232,308.7015151977539,312.9525089263916,-23.324501514434814,277.7147102355957,323.04293632507324,-28.529183864593506,257.13096618652344,337.5124454498291,-33.15030813217163,278.1619644165039,270.08008003234863,-4.164744019508362,239.79366302490234,256.08163833618164,-12.377779483795166,217.06832885742188,247.39511489868164,-21.634185314178467,197.11545944213867,239.94725704193115,-28.894248008728027,282.8961944580078,250.39901733398438,-3.1709498167037964,242.2690773010254,235.79870223999023,-10.18312931060791,216.09722137451172,226.7151975631714,-19.077911376953125,192.88211822509766,219.89235877990723,-25.88526725769043,293.7166213989258,235.05590915679932,-5.124707818031311,255.92571258544922,220.0188159942627,-12.444125413894653,232.83809661865234,211.43415927886963,-19.431334733963013,212.36587524414062,205.27453422546387,-24.53395128250122,309.2250633239746,222.01071739196777,-9.051058888435364,281.0870552062988,210.2427864074707,-15.641170740127563,262.62489318847656,204.54750537872314,-19.41147804260254,245.06893157958984,199.4853401184082,-22.22419261932373
56,373.99471282958984,274.21789169311523,0.00033387612347723916,344.03675079345703,298.1227970123291,-24.637339115142822,305.16637802124023,299.6807384490967,-31.13839864730835,272.8985404968262,294.532527923584,-34.093735218048096,246.02899551391602,300.07967948913574,-36.128151416778564,279.0268898010254,271.6193962097168,-8.266211748123169,239.59121704101562,255.62464714050293,-16.286340951919556,216.11536026000977,245.22668838500977,-25.872392654418945,195.68218231201172,236.32434368133545,-33.194050788879395,284.4925880432129,250.66683769226074,-1.8206137418746948,243.09215545654297,235.5005407333374,-8.158537149429321,215.69381713867188,224.83261585235596,-18.550541400909424,192.5309181213379,217.9063081741333,-26.624226570129395,295.4868507385254,235.05334854125977,1.155979037284851,257.1554756164551,220.33440113067627,-5.652469992637634,233.75299453735352,211.30545616149902,-14.629760980606079,212.06947326660156,204.06686782836914,-21.453676223754883,309.14844512939453,220.46319007873535,1.691688746213913,281.07324600219727,209.34094905853271,-4.7672659158706665,262.8931427001953,203.93670558929443,-9.990077018737793,244.2483139038086,197.81999588012695,-14.221528768539429
57,376.8592071533203,277.5267791748047,0.00021133184418431483,349.5252990722656,302.1002197265625,-14.054375886917114,307.4774169921875,304.58584785461426,-17.807971239089966,279.40296173095703,283.4786796569824,-20.65849781036377,278.5633087158203,259.2212104797363,-23.07830572128296,277.9831314086914,271.00951194763184,-3.061267137527466,239.56249237060547,255.59151649475098,-10.511687994003296,216.6775894165039,245.78916549682617,-19.380273818969727,197.00016021728516,237.045578956604,-27.0143461227417,282.2351837158203,250.77916145324707,-3.1116020679473877,241.37935638427734,235.88848114013672,-8.866955637931824,216.04366302490234,226.10458374023438,-17.587872743606567,192.75104522705078,218.58372688293457,-24.72325563430786,292.8718948364258,236.19104862213135,-5.668354630470276,256.10639572143555,220.94155311584473,-11.57957673072815,232.21147537231445,211.60464763641357,-19.30200219154358,212.45834350585938,204.73577499389648,-25.638108253479004,310.0423049926758,222.01279163360596,-10.091732740402222,281.5870666503906,210.7976245880127,-15.883526802062988,262.2717094421387,204.2014503479004,-20.305821895599365,244.67395782470703,198.5345220565796,-24.148588180541992
58,374.1471862792969,272.0189094543457,0.0003695430132211186,344.71309661865234,295.7143306732178,-30.125248432159424,307.3513984680176,297.2884941101074,-38.324875831604004,276.2974548339844,291.22899055480957,-42.073445320129395,246.5308380126953,294.133243560791,-44.717421531677246,278.8763427734375,270.5555248260498,-9.328020811080933,239.4104766845703,255.71548461914062,-16.154333353042603,215.8601188659668,245.59813499450684,-25.97022294998169,195.3026580810547,237.04768180847168,-33.90570402145386,284.8932075500488,250.0499725341797,-0.38352519273757935,243.79545211791992,236.3091516494751,-5.5207496881484985,215.75613021850586,225.92918872833252,-17.04339623451233,192.70450592041016,219.4131374359131,-26.567530632019043,295.8443069458008,234.80369567871094,4.4491273164749146,257.6358222961426,220.41150569915771,-1.3378946483135223,234.47032928466797,211.46255493164062,-11.751742362976074,212.50741958618164,204.2812156677246,-20.253865718841553,308.8954544067383,220.17560005187988,6.250103712081909,280.9701156616211,209.29149627685547,0.16074303537607193,263.0479049682617,204.06271934509277,-6.337671875953674,244.20562744140625,198.0370330810547,-12.125853300094604
59,376.1028289794922,275.2397632598877,0.0002224291893071495,346.25648498535156,298.2843589782715,-15.549055337905884,307.02640533447266,307.36870765686035,-22.037737369537354,274.66291427612305,312.62537956237793,-27.391552925109863,252.63248443603516,324.9067497253418,-32.31062173843384,278.0109214782715,270.6649589538574,-6.996597647666931,239.24116134643555,256.1835765838623,-17.281392812728882,215.96176147460938,246.89480781555176,-27.072904109954834,195.65994262695312,239.05925273895264,-34.337053298950195,282.10058212280273,251.00672721862793,-7.059608101844788,241.84497833251953,235.76419830322266,-15.891575813293457,215.7107162475586,226.2187385559082,-24.93492603302002,192.20653533935547,218.9026165008545,-31.471092700958252,292.2234344482422,235.26723861694336,-9.68169629573822,255.1055908203125,220.224609375,-18.288778066635132,232.25191116333008,211.13788604736328,-24.6581768989563,211.86779022216797,204.5392656326294,-29.00223731994629,307.6896667480469,221.88812255859375,-14.074259996414185,279.9502372741699,209.84613418579102,-21.433966159820557,261.66332244873047,203.69244575500488,-24.642658233642578,244.56634521484375,198.8232421875,-26.7266583442688
60,395.4143524169922,266.4335632324219,0.00039135851693572477,393.6384582519531,237.9295778274536,-37.200024127960205,366.4966583251953,220.01744270324707,-52.0361328125,334.4694137573242,211.82561874389648,-59.72636699676514,306.2122344970703,199.39883708953857,-66.0137414932251,321.83338165283203,239.86690521240234,-40.32365322113037,278.9533042907715,215.02930641174316,-56.78006649017334,250.08495330810547,199.38637733459473,-67.43281841278076,226.13286972045898,187.6453685760498,-73.55769157409668,315.5966567993164,248.12633514404297,-25.915489196777344,272.6695442199707,222.04686641693115,-43.051652908325195,242.0095443725586,202.8618335723877,-54.17947292327881,214.8379135131836,186.94876670837402,-60.254974365234375,313.6433982849121,249.72533226013184,-13.679510354995728,276.36308670043945,226.88026428222656,-28.377604484558105,248.02074432373047,209.77088928222656,-37.44847297668457,223.10613632202148,195.1682424545288,-41.69679641723633,314.18888092041016,248.5583209991455,-4.14480984210968,284.2971992492676,231.83393955230713,-15.513671636581421,261.91423416137695,218.84569644927979,-21.91354751586914,243.37011337280273,207.58601188659668,-24.926209449768066
61,397.78987884521484,272.9444217681885,0.00039614227716811,393.7910842895508,243.39008331298828,-38.12279939651489,364.07752990722656,223.32979202270508,-47.29489803314209,333.21495056152344,213.5295581817627,-45.93874931335449,308.8502883911133,201.41737461090088,-42.57125377655029,314.10924911499023,236.57727241516113,-30.64631938934326,310.84280014038086,187.91155815124512,-35.182533264160156,317.7102470397949,157.67822742462158,-40.51567554473877,323.8352584838867,133.40457916259766,-44.479002952575684,308.2750129699707,240.1926326751709,-8.688551783561707,308.65909576416016,190.56281089782715,-15.316437482833862,318.54541778564453,157.7702808380127,-21.879286766052246,326.8525695800781,131.466064453125,-25.58704137802124,313.30434799194336,240.25800704956055,11.51922345161438,312.4283981323242,196.34360790252686,2.7399301528930664,318.71959686279297,168.74987125396729,-4.1681113839149475,323.5950469970703,147.59336471557617,-7.364192605018616,321.06494903564453,239.07691955566406,29.46397304534912,322.08740234375,208.93621444702148,18.766742944717407,329.78504180908203,196.79072856903076,12.875815629959106,333.0306625366211,187.06408023834229,11.098525524139404
62,392.3677444458008,261.2384605407715,0.0003909499355359003,389.6148681640625,235.46293258666992,-42.24055290222168,364.6744155883789,220.42787075042725,-59.51333045959473,335.6502151489258,213.43182563781738,-68.85358810424805,307.5704002380371,203.96746158599854,-76.91855430603027,315.32459259033203,232.86890029907227,-42.48439311981201,273.8697624206543,213.53530883789062,-57.86063194274902,244.84954833984375,201.91346168518066,-69.63425159454346,220.14190673828125,194.08507347106934,-77.4095869064331,310.3511428833008,237.49239921569824,-25.497167110443115,270.1243591308594,218.85459423065186,-41.58498287200928,240.29586791992188,205.17560005187988,-55.10752201080322,213.4841537475586,194.5781707763672,-63.90519142150879,309.8442077636719,240.26819229125977,-11.031954288482666,272.6945686340332,224.2587947845459,-25.05434274673462,245.2733039855957,213.0007839202881,-36.677610874176025,220.95239639282227,204.6068000793457,-43.6431884765625,311.0626983642578,243.05482864379883,0.41338831186294556,281.7957305908203,232.67678260803223,-11.191136837005615,258.71376037597656,225.54871559143066,-19.55747961997986,239.46182250976562,219.89630699157715,-24.691121578216553
63,387.8233337402344,260.5214309692383,0.0004351578900241293,383.16871643066406,238.40031623840332,-55.37266254425049,358.67645263671875,226.3871669769287,-77.89114475250244,330.9945297241211,225.53483963012695,-88.23060035705566,300.0735855102539,215.24911880493164,-97.43040084838867,311.9264793395996,243.98566246032715,-62.177720069885254,267.1636962890625,231.66539669036865,-76.67938709259033,235.6350326538086,224.69611644744873,-88.21605682373047,208.97716522216797,219.8247528076172,-96.05871200561523,308.2643699645996,245.2433681488037,-34.197630882263184,263.4263610839844,234.0139389038086,-47.06993579864502,231.4006233215332,225.7274293899536,-59.66289520263672,202.0547866821289,221.04788303375244,-69.08668994903564,308.1300354003906,242.39004135131836,-8.333898186683655,268.8892364501953,232.6541519165039,-18.237338066101074,241.1530303955078,225.00939846038818,-31.63968801498413,215.22117614746094,220.49185752868652,-41.24659538269043,307.5469970703125,240.72526931762695,13.921748399734497,277.8883361816406,232.46332168579102,6.052607893943787,255.4691505432129,227.15047359466553,-3.794816732406616,235.48768997192383,222.29079723358154,-11.367785930633545
64,389.4808578491211,265.2970218658447,0.0005352485459297895,388.4318542480469,241.45583152770996,-53.368473052978516,363.4568786621094,225.076904296875,-73.44706535339355,334.89437103271484,218.83478164672852,-81.12834930419922,304.53460693359375,206.2489128112793,-87.29732513427734,315.1786422729492,240.01012802124023,-57.830209732055664,274.8679542541504,211.38938426971436,-69.07479286193848,247.7791404724121,194.25338745117188,-77.21263408660889,225.05367279052734,181.0762596130371,-82.45123863220215,310.4141426086426,244.01264190673828,-30.965237617492676,271.30456924438477,217.3441457748413,-41.44937038421631,244.69635009765625,198.41445922851562,-50.96132278442383,222.31271743774414,183.64508628845215,-57.64674663543701,310.44586181640625,243.17224502563477,-6.3073790073394775,277.7273368835449,219.89713668823242,-14.717226028442383,254.43038940429688,203.11655044555664,-25.680618286132812,233.05477142333984,189.3750286102295,-33.48817825317383,312.0923614501953,240.7174015045166,14.792382717132568,288.6083984375,221.97187900543213,7.4849337339401245,272.0745849609375,208.543438911438,-0.7227357476949692,256.81753158569336,196.7662811279297,-6.742737889289856
65,388.0670166015625,266.4082145690918,0.0001907704609038774,384.81319427490234,242.29557037353516,-44.8298454284668,361.14002227783203,232.00368404388428,-64.2033863067627,331.7061233520508,227.89844512939453,-73.01016330718994,304.97314453125,217.22302436828613,-77.4979305267334,306.8849754333496,252.2559642791748,-54.74376201629639,283.81160736083984,207.811861038208,-66.05170726776123,303.1241798400879,187.74996757507324,-66.35559558868408,321.5591812133789,185.17147064208984,-63.340415954589844,298.7403106689453,258.4595203399658,-32.61682748794556,274.3519592285156,211.39384746551514,-45.872182846069336,297.955322265625,191.57269477844238,-48.83501052856445,320.3696823120117,189.35674667358398,-47.39433765411377,298.3245277404785,257.3844909667969,-11.892372369766235,278.7202453613281,214.472393989563,-24.952423572540283,299.36792373657227,197.29991912841797,-28.790278434753418,320.93753814697266,195.20846843719482,-27.919023036956787,301.86437606811523,253.52497100830078,6.282492280006409,287.0623016357422,222.41058826446533,-6.495510935783386,299.2569160461426,206.73568725585938,-12.129778861999512,312.84082412719727,201.84598445892334,-12.88981318473816
66,391.2772750854492,266.07556343078613,0.0004165244536125101,387.8150177001953,242.73187637329102,-43.27903747558594,360.3322219848633,226.8910789489746,-59.56451416015625,328.45104217529297,220.40905952453613,-66.8054723739624,298.9594841003418,211.00895404815674,-72.6629114151001,313.4187698364258,242.6063632965088,-43.624000549316406,273.26908111572266,219.43782806396484,-57.94480323791504,245.59814453125,205.3066635131836,-68.41333866119385,222.62889862060547,195.05334377288818,-74.93335247039795,308.33147048950195,247.51954078674316,-24.71336841583252,267.68287658691406,222.70594596862793,-39.77104902267456,238.17432403564453,205.3993034362793,-52.01298236846924,212.24525451660156,191.63578033447266,-59.61009979248047,308.19963455200195,248.14556121826172,-8.203593492507935,271.6737365722656,225.55100440979004,-21.56308650970459,244.64771270751953,209.91997718811035,-33.117499351501465,221.1947250366211,197.43777751922607,-39.80719804763794,310.24845123291016,248.23296546936035,5.390245318412781,282.18223571777344,230.5085849761963,-5.393387675285339,262.0127296447754,218.31328868865967,-13.530062437057495,244.8784065246582,208.25377464294434,-18.429574966430664
67,391.4707946777344,263.0639362335205,0.0004210304541629739,385.64029693603516,238.33145141601562,-49.25136089324951,359.4871520996094,225.97981452941895,-67.76438236236572,329.7629165649414,222.77189254760742,-76.07748508453369,297.8849220275879,212.50549793243408,-82.88468360900879,311.6748237609863,245.50260543823242,-47.00009822845459,265.4435729980469,228.47442626953125,-58.29099178314209,234.67840194702148,218.98674488067627,-67.72369384765625,208.5661506652832,212.6616382598877,-74.38278198242188,309.52991485595703,248.31381797790527,-24.01512384414673,263.4333801269531,233.50512027740479,-35.56653022766113,231.15720748901367,222.2301721572876,-48.233304023742676,202.84988403320312,214.28037643432617,-57.27802276611328,310.5644989013672,246.9077968597412,-3.6230334639549255,269.3976402282715,234.3092679977417,-13.68193507194519,241.21902465820312,224.2232322692871,-26.666579246520996,215.95069885253906,216.68591022491455,-35.44856548309326,311.5682029724121,244.80457305908203,13.345561027526855,279.88643646240234,234.50589179992676,4.825023412704468,257.19234466552734,226.72717094421387,-4.469551742076874,237.6436424255371,220.35507202148438,-11.134167909622192
68,389.57942962646484,263.5269069671631,0.0004979629738954827,386.9584655761719,240.1820468902588,-52.10610866546631,361.31099700927734,224.8550033569336,-71.42233848571777,332.68001556396484,218.34022521972656,-78.67601871490479,302.95310974121094,207.22065925598145,-84.44740295410156,314.4655990600586,239.68385696411133,-55.06744384765625,273.1608200073242,217.08715438842773,-65.89083194732666,244.90550994873047,202.87612438201904,-74.44135189056396,221.5860366821289,192.10335731506348,-80.07436752319336,309.94754791259766,243.62162590026855,-28.222646713256836,269.47811126708984,221.3550853729248,-38.3112907409668,241.69450759887695,204.11926746368408,-48.399930000305176,216.9731330871582,190.67241668701172,-55.58668613433838,310.3105926513672,243.57773780822754,-3.495466113090515,276.1477279663086,224.39846992492676,-11.322293281555176,251.0902976989746,210.09072303771973,-22.556617259979248,227.8923797607422,198.81179809570312,-30.481431484222412,312.4518585205078,242.22590446472168,17.783037424087524,287.57123947143555,226.29243850708008,11.630847454071045,269.5013427734375,215.32628059387207,3.8203784823417664,253.02154541015625,205.88665008544922,-2.0477375388145447
69,390.4176330566406,266.0517883300781,0.00011235226338612847,382.7690124511719,238.50189685821533,-43.516225814819336,355.54691314697266,228.40966701507568,-60.360074043273926,323.4041213989258,225.7472562789917,-68.12623023986816,293.094482421875,216.2365436553955,-71.33676052093506,306.92434310913086,251.0877799987793,-40.451931953430176,264.2846870422363,224.46524620056152,-46.63063049316406,275.6078338623047,202.93205738067627,-46.124629974365234,294.1293144226074,200.41650295257568,-42.65371799468994,304.02034759521484,257.4437713623047,-17.033218145370483,262.25542068481445,226.23727798461914,-20.7055926322937,280.9383201599121,205.9540557861328,-23.947794437408447,298.9305305480957,204.4169282913208,-25.224592685699463,304.6066474914551,255.18982887268066,4.1321733593940735,271.0235595703125,228.69436740875244,0.9523946791887283,285.58155059814453,211.72499656677246,-4.932856261730194,303.1193733215332,211.13921642303467,-8.659712076187134,307.1351432800293,251.19220733642578,22.397522926330566,278.34802627563477,231.75527572631836,18.522030115127563,286.77806854248047,215.44876098632812,13.371702432632446,301.9477844238281,212.73314952850342,10.144678354263306
70,390.84075927734375,263.50550651550293,0.0004738706411444582,383.91857147216797,240.13412475585938,-52.643136978149414,356.5805435180664,228.12588214874268,-72.38633632659912,327.5347900390625,225.0296401977539,-81.26606941223145,294.8975944519043,216.9519567489624,-88.95233154296875,309.8789405822754,245.09459495544434,-47.19440460205078,265.2913475036621,227.96936988830566,-56.231160163879395,234.96038436889648,217.1196985244751,-65.26586055755615,210.19773483276367,209.7407341003418,-72.0457649230957,308.0704879760742,246.45066261291504,-21.573619842529297,264.3270492553711,230.5094289779663,-29.972469806671143,233.99688720703125,217.84260749816895,-42.65559673309326,206.14709854125977,208.04100036621094,-52.61627674102783,309.6836471557617,243.99744987487793,1.2910062074661255,271.1287307739258,229.71649646759033,-5.652910470962524,243.72486114501953,218.37976455688477,-19.037985801696777,219.19227600097656,210.05315780639648,-29.237804412841797,311.3927459716797,241.2367057800293,20.425403118133545,281.7936325073242,228.40843677520752,14.627646207809448,260.5293655395508,219.10413265228271,5.654081106185913,241.8889617919922,211.12884521484375,-1.779111921787262
71,386.3066101074219,262.1626281738281,0.0004880900451098569,378.09329986572266,244.10422325134277,-55.732903480529785,351.81396484375,236.05738162994385,-78.38971138000488,324.102783203125,234.49949741363525,-89.89118576049805,291.99235916137695,224.72644329071045,-100.68864822387695,304.73846435546875,249.25048828125,-51.817307472229004,259.01039123535156,238.49721908569336,-61.29727840423584,227.23325729370117,231.74800872802734,-71.31617069244385,201.89777374267578,227.04061031341553,-78.97195339202881,302.61369705200195,247.5834560394287,-24.03101682662964,257.0445251464844,239.12464141845703,-30.91355323791504,226.1219024658203,231.3102149963379,-43.59158992767334,198.3582305908203,225.82308769226074,-54.28190231323242,303.80470275878906,242.6616096496582,1.0747382044792175,263.6978530883789,235.22563934326172,-3.0989110469818115,236.6045379638672,227.74497985839844,-16.381990909576416,212.65880584716797,223.0568790435791,-27.494628429412842,305.4773712158203,239.19463634490967,22.108170986175537,274.5417022705078,231.83263778686523,18.93710732460022,252.7359390258789,226.69060707092285,10.24168848991394,234.29277420043945,222.1118402481079,2.2291557490825653
